Nombre,Total horas extras 50%,Total horas extras 100%,Dias asistidos
Manuel F,46.6,0.0,25
Ruth,19.333333333333332,0.0,20
Graciela,18.25,0.0,19
Carla Na,21.866666666666667,0.0,20
Maria Narvaez,20.6,0.0,20
Duvan Ra,16.533333333333335,0.0,20
Stalin N,14.216666666666667,0.0,20
Lucely R,15.8,0.0,20
Marco Na,7.683333333333334,0.0,20
Karla,-19.866666666666667,0.0,18
Nancy Vi,12.0,0.0,20
Diana Be,9.3,0.0,11
Anderson Pe,0.11666666666666667,0.0,18
Deisi,5.75,0.0,17
